product_id,product_name,category,brand,unit_price
1,Rivera Snacks #1,Snacks,Rivera,2
2,Orion Produce #2,Produce,Orion,18
3,Orion Produce #3,Produce,Orion,9
4,Horizon Snacks #4,Snacks,Horizon,19
5,Orion Produce #5,Produce,Orion,8
6,Rivera Produce #6,Produce,Rivera,14
7,Summit Snacks #7,Snacks,Summit,6
8,Atlas Beverages #8,Beverages,Atlas,10
9,Rivera Beverages #9,Beverages,Rivera,17
10,Aurora Beverages #10,Beverages,Aurora,18
11,Aurora Produce #11,Produce,Aurora,19
12,Atlas Produce #12,Produce,Atlas,3
13,Rivera Beverages #13,Beverages,Rivera,4
14,Horizon Produce #14,Produce,Horizon,18
15,Horizon Snacks #15,Snacks,Horizon,11
16,Horizon Beverages #16,Beverages,Horizon,6
17,Atlas Produce #17,Produce,Atlas,12
18,Summit Beverages #18,Beverages,Summit,16
19,Orion Produce #19,Produce,Orion,13
20,Aurora Beverages #20,Beverages,Aurora,4
21,Rivera Snacks #21,Snacks,Rivera,19
22,Summit Beverages #22,Beverages,Summit,18
23,Horizon Produce #23,Produce,Horizon,15
24,Summit Snacks #24,Snacks,Summit,14
25,Summit Produce #25,Produce,Summit,8
26,Atlas Beverages #26,Beverages,Atlas,7
27,Aurora Snacks #27,Snacks,Aurora,9
28,Rivera Produce #28,Produce,Rivera,6
29,Atlas Snacks #29,Snacks,Atlas,17
30,Horizon Snacks #30,Snacks,Horizon,16
31,Aurora Produce #31,Produce,Aurora,15
32,Summit Snacks #32,Snacks,Summit,8
33,Horizon Snacks #33,Snacks,Horizon,11
34,Orion Beverages #34,Beverages,Orion,3
35,Atlas Snacks #35,Snacks,Atlas,18
36,Orion Produce #36,Produce,Orion,8
37,Summit Beverages #37,Beverages,Summit,7
38,Atlas Snacks #38,Snacks,Atlas,16
39,Atlas Snacks #39,Snacks,Atlas,13
40,Rivera Produce #40,Produce,Rivera,5
41,Orion Snacks #41,Snacks,Orion,13
42,Aurora Snacks #42,Snacks,Aurora,4
43,Summit Snacks #43,Snacks,Summit,3
44,Aurora Produce #44,Produce,Aurora,4
45,Orion Produce #45,Produce,Orion,19
46,Horizon Produce #46,Produce,Horizon,16
47,Orion Beverages #47,Beverages,Orion,1
48,Aurora Beverages #48,Beverages,Aurora,3
49,Summit Produce #49,Produce,Summit,2
50,Horizon Beverages #50,Beverages,Horizon,5
51,Rivera Snacks #51,Snacks,Rivera,2
52,Orion Produce #52,Produce,Orion,18
53,Orion Snacks #53,Snacks,Orion,10
54,Atlas Beverages #54,Beverages,Atlas,11
55,Horizon Beverages #55,Beverages,Horizon,11
56,Atlas Snacks #56,Snacks,Atlas,19
57,Atlas Beverages #57,Beverages,Atlas,16
58,Aurora Produce #58,Produce,Aurora,16
59,Horizon Beverages #59,Beverages,Horizon,18
60,Summit Produce #60,Produce,Summit,5
61,Atlas Produce #61,Produce,Atlas,5
62,Rivera Snacks #62,Snacks,Rivera,16
63,Rivera Beverages #63,Beverages,Rivera,19
64,Atlas Snacks #64,Snacks,Atlas,5
65,Summit Produce #65,Produce,Summit,6
66,Orion Beverages #66,Beverages,Orion,19
67,Horizon Produce #67,Produce,Horizon,2
68,Aurora Snacks #68,Snacks,Aurora,11
69,Orion Beverages #69,Beverages,Orion,1
70,Horizon Beverages #70,Beverages,Horizon,10
71,Orion Snacks #71,Snacks,Orion,15
72,Horizon Produce #72,Produce,Horizon,18
73,Summit Beverages #73,Beverages,Summit,5
74,Atlas Produce #74,Produce,Atlas,10
75,Horizon Beverages #75,Beverages,Horizon,14
76,Atlas Snacks #76,Snacks,Atlas,11
77,Summit Beverages #77,Beverages,Summit,18
78,Horizon Snacks #78,Snacks,Horizon,19
79,Summit Produce #79,Produce,Summit,15
80,Aurora Produce #80,Produce,Aurora,18
81,Summit Snacks #81,Snacks,Summit,11
82,Aurora Produce #82,Produce,Aurora,13
83,Rivera Produce #83,Produce,Rivera,8
84,Summit Produce #84,Produce,Summit,16
85,Orion Produce #85,Produce,Orion,2
86,Rivera Produce #86,Produce,Rivera,2
87,Summit Snacks #87,Snacks,Summit,16
88,Atlas Snacks #88,Snacks,Atlas,15
89,Aurora Produce #89,Produce,Aurora,19
90,Horizon Snacks #90,Snacks,Horizon,13
91,Aurora Snacks #91,Snacks,Aurora,5
92,Aurora Produce #92,Produce,Aurora,9
93,Atlas Produce #93,Produce,Atlas,13
94,Atlas Beverages #94,Beverages,Atlas,6
95,Orion Beverages #95,Beverages,Orion,2
96,Summit Snacks #96,Snacks,Summit,8
97,Summit Produce #97,Produce,Summit,15
98,Rivera Snacks #98,Snacks,Rivera,3
99,Rivera Beverages #99,Beverages,Rivera,9
100,Horizon Snacks #100,Snacks,Horizon,3
101,Aurora Beverages #101,Beverages,Aurora,9
102,Atlas Produce #102,Produce,Atlas,8
103,Horizon Beverages #103,Beverages,Horizon,7
104,Atlas Beverages #104,Beverages,Atlas,12
105,Aurora Snacks #105,Snacks,Aurora,1
106,Aurora Snacks #106,Snacks,Aurora,15
107,Atlas Produce #107,Produce,Atlas,18
108,Atlas Beverages #108,Beverages,Atlas,10
109,Aurora Produce #109,Produce,Aurora,4
110,Rivera Snacks #110,Snacks,Rivera,6
111,Horizon Beverages #111,Beverages,Horizon,4
112,Aurora Snacks #112,Snacks,Aurora,6
113,Rivera Beverages #113,Beverages,Rivera,5
114,Orion Beverages #114,Beverages,Orion,12
115,Atlas Produce #115,Produce,Atlas,4
116,Summit Beverages #116,Beverages,Summit,6
117,Rivera Snacks #117,Snacks,Rivera,16
118,Rivera Snacks #118,Snacks,Rivera,9
119,Orion Snacks #119,Snacks,Orion,19
120,Rivera Beverages #120,Beverages,Rivera,7
121,Summit Produce #121,Produce,Summit,10
122,Aurora Beverages #122,Beverages,Aurora,19
123,Orion Snacks #123,Snacks,Orion,14
124,Atlas Snacks #124,Snacks,Atlas,15
125,Aurora Snacks #125,Snacks,Aurora,6
126,Rivera Snacks #126,Snacks,Rivera,3
127,Summit Produce #127,Produce,Summit,12
128,Summit Produce #128,Produce,Summit,13
129,Horizon Produce #129,Produce,Horizon,19
130,Orion Snacks #130,Snacks,Orion,4
131,Orion Snacks #131,Snacks,Orion,2
132,Orion Snacks #132,Snacks,Orion,10
133,Rivera Produce #133,Produce,Rivera,5
134,Summit Produce #134,Produce,Summit,14
135,Horizon Snacks #135,Snacks,Horizon,9
136,Aurora Produce #136,Produce,Aurora,12
137,Atlas Produce #137,Produce,Atlas,18
138,Aurora Produce #138,Produce,Aurora,11
139,Orion Snacks #139,Snacks,Orion,18
140,Atlas Produce #140,Produce,Atlas,13
141,Horizon Beverages #141,Beverages,Horizon,15
142,Orion Produce #142,Produce,Orion,7
143,Atlas Produce #143,Produce,Atlas,1
144,Orion Produce #144,Produce,Orion,13
145,Aurora Snacks #145,Snacks,Aurora,3
146,Rivera Beverages #146,Beverages,Rivera,5
147,Atlas Produce #147,Produce,Atlas,11
148,Atlas Produce #148,Produce,Atlas,5
149,Aurora Snacks #149,Snacks,Aurora,9
150,Atlas Produce #150,Produce,Atlas,14
151,Rivera Beverages #151,Beverages,Rivera,19
152,Horizon Snacks #152,Snacks,Horizon,6
153,Horizon Beverages #153,Beverages,Horizon,16
154,Summit Produce #154,Produce,Summit,7
155,Aurora Snacks #155,Snacks,Aurora,15
156,Aurora Produce #156,Produce,Aurora,7
157,Aurora Beverages #157,Beverages,Aurora,14
158,Rivera Snacks #158,Snacks,Rivera,2
159,Orion Beverages #159,Beverages,Orion,3
160,Orion Snacks #160,Snacks,Orion,3
161,Orion Beverages #161,Beverages,Orion,5
162,Atlas Beverages #162,Beverages,Atlas,4
163,Aurora Produce #163,Produce,Aurora,19
164,Aurora Beverages #164,Beverages,Aurora,12
165,Orion Beverages #165,Beverages,Orion,13
166,Horizon Snacks #166,Snacks,Horizon,15
167,Aurora Beverages #167,Beverages,Aurora,12
168,Horizon Snacks #168,Snacks,Horizon,14
169,Rivera Beverages #169,Beverages,Rivera,15
170,Atlas Beverages #170,Beverages,Atlas,2
171,Summit Produce #171,Produce,Summit,7
172,Aurora Beverages #172,Beverages,Aurora,3
173,Aurora Produce #173,Produce,Aurora,11
174,Rivera Produce #174,Produce,Rivera,12
175,Aurora Produce #175,Produce,Aurora,12
176,Rivera Snacks #176,Snacks,Rivera,17
177,Summit Produce #177,Produce,Summit,16
178,Rivera Produce #178,Produce,Rivera,18
179,Horizon Produce #179,Produce,Horizon,13
180,Horizon Snacks #180,Snacks,Horizon,5
181,Summit Beverages #181,Beverages,Summit,8
182,Atlas Beverages #182,Beverages,Atlas,8
183,Summit Produce #183,Produce,Summit,11
184,Summit Snacks #184,Snacks,Summit,10
185,Orion Produce #185,Produce,Orion,18
186,Atlas Beverages #186,Beverages,Atlas,4
187,Summit Snacks #187,Snacks,Summit,4
188,Atlas Snacks #188,Snacks,Atlas,2
189,Horizon Snacks #189,Snacks,Horizon,10
190,Aurora Beverages #190,Beverages,Aurora,19
191,Orion Produce #191,Produce,Orion,10
192,Aurora Produce #192,Produce,Aurora,8
193,Aurora Snacks #193,Snacks,Aurora,4
194,Horizon Produce #194,Produce,Horizon,16
195,Rivera Beverages #195,Beverages,Rivera,1
196,Atlas Beverages #196,Beverages,Atlas,6
197,Atlas Snacks #197,Snacks,Atlas,15
198,Atlas Snacks #198,Snacks,Atlas,10
199,Horizon Produce #199,Produce,Horizon,6
200,Rivera Produce #200,Produce,Rivera,11
201,Orion Beverages #201,Beverages,Orion,9
202,Aurora Beverages #202,Beverages,Aurora,2
203,Summit Produce #203,Produce,Summit,6
204,Aurora Beverages #204,Beverages,Aurora,5
205,Aurora Beverages #205,Beverages,Aurora,17
206,Summit Beverages #206,Beverages,Summit,4
207,Atlas Produce #207,Produce,Atlas,14
208,Atlas Produce #208,Produce,Atlas,13
209,Atlas Beverages #209,Beverages,Atlas,3
210,Summit Beverages #210,Beverages,Summit,16
211,Rivera Produce #211,Produce,Rivera,11
212,Atlas Produce #212,Produce,Atlas,4
213,Rivera Produce #213,Produce,Rivera,6
214,Atlas Snacks #214,Snacks,Atlas,19
215,Horizon Produce #215,Produce,Horizon,3
216,Horizon Snacks #216,Snacks,Horizon,19
217,Summit Produce #217,Produce,Summit,14
218,Summit Beverages #218,Beverages,Summit,3
219,Summit Snacks #219,Snacks,Summit,15
220,Aurora Produce #220,Produce,Aurora,10
221,Orion Produce #221,Produce,Orion,6
222,Aurora Snacks #222,Snacks,Aurora,9
223,Horizon Produce #223,Produce,Horizon,8
224,Rivera Produce #224,Produce,Rivera,14
225,Aurora Snacks #225,Snacks,Aurora,19
226,Atlas Snacks #226,Snacks,Atlas,1
227,Horizon Produce #227,Produce,Horizon,14
228,Orion Snacks #228,Snacks,Orion,13
229,Horizon Snacks #229,Snacks,Horizon,16
230,Summit Snacks #230,Snacks,Summit,19
231,Aurora Beverages #231,Beverages,Aurora,6
232,Rivera Snacks #232,Snacks,Rivera,11
233,Atlas Beverages #233,Beverages,Atlas,17
234,Orion Snacks #234,Snacks,Orion,15
235,Horizon Beverages #235,Beverages,Horizon,12
236,Horizon Snacks #236,Snacks,Horizon,3
237,Aurora Beverages #237,Beverages,Aurora,9
238,Summit Snacks #238,Snacks,Summit,19
239,Orion Beverages #239,Beverages,Orion,6
240,Horizon Snacks #240,Snacks,Horizon,13
241,Horizon Snacks #241,Snacks,Horizon,8
242,Summit Produce #242,Produce,Summit,1
243,Rivera Produce #243,Produce,Rivera,14
244,Aurora Beverages #244,Beverages,Aurora,13
245,Horizon Produce #245,Produce,Horizon,1
246,Horizon Snacks #246,Snacks,Horizon,3
247,Atlas Beverages #247,Beverages,Atlas,13
248,Horizon Beverages #248,Beverages,Horizon,14
249,Aurora Beverages #249,Beverages,Aurora,14
250,Horizon Snacks #250,Snacks,Horizon,5
251,Orion Beverages #251,Beverages,Orion,16
252,Rivera Beverages #252,Beverages,Rivera,7
253,Summit Snacks #253,Snacks,Summit,8
254,Orion Beverages #254,Beverages,Orion,19
255,Horizon Beverages #255,Beverages,Horizon,11
256,Atlas Beverages #256,Beverages,Atlas,13
257,Rivera Snacks #257,Snacks,Rivera,14
258,Orion Produce #258,Produce,Orion,3
259,Atlas Snacks #259,Snacks,Atlas,14
260,Horizon Beverages #260,Beverages,Horizon,18
261,Horizon Beverages #261,Beverages,Horizon,12
262,Rivera Snacks #262,Snacks,Rivera,19
263,Summit Snacks #263,Snacks,Summit,5
264,Horizon Produce #264,Produce,Horizon,5
265,Atlas Produce #265,Produce,Atlas,14
266,Orion Snacks #266,Snacks,Orion,1
267,Rivera Produce #267,Produce,Rivera,4
268,Atlas Produce #268,Produce,Atlas,4
269,Rivera Snacks #269,Snacks,Rivera,13
270,Aurora Beverages #270,Beverages,Aurora,8
271,Aurora Beverages #271,Beverages,Aurora,13
272,Atlas Beverages #272,Beverages,Atlas,17
273,Rivera Beverages #273,Beverages,Rivera,18
274,Aurora Beverages #274,Beverages,Aurora,17
275,Aurora Produce #275,Produce,Aurora,7
276,Summit Produce #276,Produce,Summit,15
277,Horizon Beverages #277,Beverages,Horizon,12
278,Rivera Beverages #278,Beverages,Rivera,5
279,Aurora Beverages #279,Beverages,Aurora,10
280,Orion Produce #280,Produce,Orion,10
281,Aurora Snacks #281,Snacks,Aurora,14
282,Orion Beverages #282,Beverages,Orion,11
283,Summit Produce #283,Produce,Summit,6
284,Horizon Snacks #284,Snacks,Horizon,10
285,Summit Beverages #285,Beverages,Summit,11
286,Atlas Snacks #286,Snacks,Atlas,13
287,Orion Produce #287,Produce,Orion,13
288,Orion Snacks #288,Snacks,Orion,9
289,Horizon Beverages #289,Beverages,Horizon,5
290,Horizon Snacks #290,Snacks,Horizon,9
291,Horizon Produce #291,Produce,Horizon,6
292,Orion Produce #292,Produce,Orion,15
293,Horizon Beverages #293,Beverages,Horizon,14
294,Horizon Produce #294,Produce,Horizon,4
295,Atlas Snacks #295,Snacks,Atlas,10
296,Rivera Produce #296,Produce,Rivera,4
297,Orion Beverages #297,Beverages,Orion,15
298,Orion Snacks #298,Snacks,Orion,17
299,Rivera Beverages #299,Beverages,Rivera,16
300,Atlas Snacks #300,Snacks,Atlas,2
301,Atlas Produce #301,Produce,Atlas,12
302,Aurora Snacks #302,Snacks,Aurora,10
303,Aurora Beverages #303,Beverages,Aurora,17
304,Rivera Beverages #304,Beverages,Rivera,3
305,Atlas Beverages #305,Beverages,Atlas,13
306,Summit Beverages #306,Beverages,Summit,15
307,Horizon Beverages #307,Beverages,Horizon,17
308,Summit Beverages #308,Beverages,Summit,1
309,Aurora Snacks #309,Snacks,Aurora,18
310,Horizon Beverages #310,Beverages,Horizon,11
311,Orion Produce #311,Produce,Orion,13
312,Rivera Beverages #312,Beverages,Rivera,5
313,Rivera Produce #313,Produce,Rivera,6
314,Atlas Beverages #314,Beverages,Atlas,8
315,Orion Produce #315,Produce,Orion,18
316,Summit Beverages #316,Beverages,Summit,16
317,Aurora Beverages #317,Beverages,Aurora,2
318,Rivera Snacks #318,Snacks,Rivera,15
319,Rivera Snacks #319,Snacks,Rivera,2
320,Horizon Snacks #320,Snacks,Horizon,8
321,Atlas Snacks #321,Snacks,Atlas,15
322,Atlas Produce #322,Produce,Atlas,5
323,Atlas Snacks #323,Snacks,Atlas,19
324,Orion Beverages #324,Beverages,Orion,18
325,Summit Beverages #325,Beverages,Summit,1
326,Horizon Snacks #326,Snacks,Horizon,5
327,Orion Snacks #327,Snacks,Orion,16
328,Rivera Beverages #328,Beverages,Rivera,1
329,Aurora Produce #329,Produce,Aurora,17
330,Rivera Produce #330,Produce,Rivera,2
331,Summit Produce #331,Produce,Summit,8
332,Summit Beverages #332,Beverages,Summit,14
333,Horizon Beverages #333,Beverages,Horizon,18
334,Aurora Produce #334,Produce,Aurora,14
335,Aurora Snacks #335,Snacks,Aurora,19
336,Atlas Beverages #336,Beverages,Atlas,2
337,Orion Beverages #337,Beverages,Orion,16
338,Atlas Beverages #338,Beverages,Atlas,11
339,Orion Snacks #339,Snacks,Orion,19
340,Rivera Beverages #340,Beverages,Rivera,5
341,Aurora Snacks #341,Snacks,Aurora,14
342,Rivera Produce #342,Produce,Rivera,7
343,Summit Snacks #343,Snacks,Summit,2
344,Summit Beverages #344,Beverages,Summit,15
345,Horizon Produce #345,Produce,Horizon,3
346,Aurora Beverages #346,Beverages,Aurora,9
347,Horizon Snacks #347,Snacks,Horizon,11
348,Aurora Beverages #348,Beverages,Aurora,6
349,Horizon Snacks #349,Snacks,Horizon,2
350,Rivera Produce #350,Produce,Rivera,16
351,Atlas Produce #351,Produce,Atlas,1
352,Summit Snacks #352,Snacks,Summit,2
353,Rivera Beverages #353,Beverages,Rivera,8
354,Orion Beverages #354,Beverages,Orion,6
355,Horizon Beverages #355,Beverages,Horizon,19
356,Atlas Snacks #356,Snacks,Atlas,15
357,Horizon Beverages #357,Beverages,Horizon,9
358,Horizon Beverages #358,Beverages,Horizon,1
359,Summit Beverages #359,Beverages,Summit,4
360,Rivera Snacks #360,Snacks,Rivera,14
361,Horizon Produce #361,Produce,Horizon,12
362,Horizon Snacks #362,Snacks,Horizon,1
363,Summit Beverages #363,Beverages,Summit,18
364,Summit Snacks #364,Snacks,Summit,2
365,Horizon Snacks #365,Snacks,Horizon,1
366,Horizon Snacks #366,Snacks,Horizon,4
367,Aurora Produce #367,Produce,Aurora,16
368,Aurora Snacks #368,Snacks,Aurora,1
369,Aurora Produce #369,Produce,Aurora,4
370,Summit Beverages #370,Beverages,Summit,6
371,Summit Snacks #371,Snacks,Summit,1
372,Atlas Produce #372,Produce,Atlas,5
373,Aurora Snacks #373,Snacks,Aurora,8
374,Aurora Produce #374,Produce,Aurora,2
375,Aurora Snacks #375,Snacks,Aurora,3
376,Orion Beverages #376,Beverages,Orion,17
377,Summit Produce #377,Produce,Summit,12
378,Horizon Produce #378,Produce,Horizon,19
379,Rivera Produce #379,Produce,Rivera,10
380,Rivera Snacks #380,Snacks,Rivera,18
381,Rivera Produce #381,Produce,Rivera,8
382,Horizon Beverages #382,Beverages,Horizon,7
383,Horizon Beverages #383,Beverages,Horizon,18
384,Horizon Snacks #384,Snacks,Horizon,16
385,Atlas Snacks #385,Snacks,Atlas,7
386,Summit Produce #386,Produce,Summit,19
387,Summit Beverages #387,Beverages,Summit,13
388,Atlas Snacks #388,Snacks,Atlas,16
389,Horizon Produce #389,Produce,Horizon,15
390,Atlas Beverages #390,Beverages,Atlas,17
391,Rivera Snacks #391,Snacks,Rivera,18
392,Summit Beverages #392,Beverages,Summit,5
393,Orion Snacks #393,Snacks,Orion,14
394,Horizon Produce #394,Produce,Horizon,14
395,Atlas Snacks #395,Snacks,Atlas,11
396,Summit Produce #396,Produce,Summit,16
397,Atlas Snacks #397,Snacks,Atlas,6
398,Horizon Snacks #398,Snacks,Horizon,2
399,Atlas Beverages #399,Beverages,Atlas,5
400,Aurora Produce #400,Produce,Aurora,1
401,Summit Produce #401,Produce,Summit,16
402,Orion Snacks #402,Snacks,Orion,4
403,Horizon Snacks #403,Snacks,Horizon,1
404,Orion Produce #404,Produce,Orion,18
405,Atlas Beverages #405,Beverages,Atlas,17
406,Rivera Beverages #406,Beverages,Rivera,14
407,Aurora Produce #407,Produce,Aurora,12
408,Rivera Snacks #408,Snacks,Rivera,7
409,Orion Beverages #409,Beverages,Orion,19
410,Aurora Produce #410,Produce,Aurora,13
411,Orion Beverages #411,Beverages,Orion,19
412,Atlas Produce #412,Produce,Atlas,15
413,Orion Beverages #413,Beverages,Orion,12
414,Aurora Beverages #414,Beverages,Aurora,6
415,Rivera Produce #415,Produce,Rivera,3
416,Horizon Produce #416,Produce,Horizon,19
417,Aurora Produce #417,Produce,Aurora,17
418,Horizon Produce #418,Produce,Horizon,4
419,Atlas Snacks #419,Snacks,Atlas,5
420,Horizon Produce #420,Produce,Horizon,18
421,Rivera Beverages #421,Beverages,Rivera,15
422,Rivera Beverages #422,Beverages,Rivera,19
423,Orion Beverages #423,Beverages,Orion,17
424,Orion Beverages #424,Beverages,Orion,13
425,Rivera Produce #425,Produce,Rivera,9
426,Summit Snacks #426,Snacks,Summit,5
427,Rivera Beverages #427,Beverages,Rivera,5
428,Orion Beverages #428,Beverages,Orion,1
429,Aurora Snacks #429,Snacks,Aurora,14
430,Aurora Beverages #430,Beverages,Aurora,10
431,Rivera Snacks #431,Snacks,Rivera,11
432,Aurora Beverages #432,Beverages,Aurora,15
433,Orion Produce #433,Produce,Orion,15
434,Summit Beverages #434,Beverages,Summit,9
435,Rivera Beverages #435,Beverages,Rivera,1
436,Horizon Snacks #436,Snacks,Horizon,2
437,Aurora Beverages #437,Beverages,Aurora,4
438,Atlas Beverages #438,Beverages,Atlas,18
439,Rivera Beverages #439,Beverages,Rivera,12
440,Aurora Produce #440,Produce,Aurora,14
441,Orion Snacks #441,Snacks,Orion,4
442,Summit Snacks #442,Snacks,Summit,2
443,Summit Snacks #443,Snacks,Summit,19
444,Orion Snacks #444,Snacks,Orion,11
445,Atlas Produce #445,Produce,Atlas,6
446,Rivera Snacks #446,Snacks,Rivera,5
447,Aurora Beverages #447,Beverages,Aurora,11
448,Summit Snacks #448,Snacks,Summit,2
449,Aurora Beverages #449,Beverages,Aurora,2
450,Orion Produce #450,Produce,Orion,12
451,Horizon Beverages #451,Beverages,Horizon,1
452,Orion Beverages #452,Beverages,Orion,6
453,Aurora Beverages #453,Beverages,Aurora,17
454,Aurora Snacks #454,Snacks,Aurora,9
455,Rivera Produce #455,Produce,Rivera,2
456,Aurora Produce #456,Produce,Aurora,4
457,Rivera Snacks #457,Snacks,Rivera,4
458,Rivera Beverages #458,Beverages,Rivera,9
459,Summit Snacks #459,Snacks,Summit,16
460,Horizon Produce #460,Produce,Horizon,3
461,Orion Produce #461,Produce,Orion,2
462,Rivera Produce #462,Produce,Rivera,16
463,Atlas Snacks #463,Snacks,Atlas,5
464,Aurora Beverages #464,Beverages,Aurora,16
465,Atlas Snacks #465,Snacks,Atlas,14
466,Atlas Snacks #466,Snacks,Atlas,17
467,Rivera Snacks #467,Snacks,Rivera,2
468,Horizon Produce #468,Produce,Horizon,10
469,Atlas Produce #469,Produce,Atlas,13
470,Summit Produce #470,Produce,Summit,3
471,Summit Snacks #471,Snacks,Summit,19
472,Summit Beverages #472,Beverages,Summit,16
473,Horizon Beverages #473,Beverages,Horizon,9
474,Aurora Produce #474,Produce,Aurora,4
475,Summit Produce #475,Produce,Summit,16
476,Rivera Snacks #476,Snacks,Rivera,18
477,Horizon Beverages #477,Beverages,Horizon,8
478,Atlas Snacks #478,Snacks,Atlas,7
479,Atlas Snacks #479,Snacks,Atlas,9
480,Orion Beverages #480,Beverages,Orion,12
481,Aurora Produce #481,Produce,Aurora,3
482,Summit Beverages #482,Beverages,Summit,11
483,Horizon Produce #483,Produce,Horizon,18
484,Horizon Produce #484,Produce,Horizon,15
485,Rivera Produce #485,Produce,Rivera,17
486,Aurora Snacks #486,Snacks,Aurora,13
487,Atlas Produce #487,Produce,Atlas,9
488,Rivera Beverages #488,Beverages,Rivera,8
489,Atlas Produce #489,Produce,Atlas,13
490,Horizon Snacks #490,Snacks,Horizon,8
491,Orion Snacks #491,Snacks,Orion,5
492,Aurora Produce #492,Produce,Aurora,18
493,Horizon Snacks #493,Snacks,Horizon,7
494,Rivera Snacks #494,Snacks,Rivera,6
495,Orion Snacks #495,Snacks,Orion,14
496,Summit Beverages #496,Beverages,Summit,6
497,Aurora Produce #497,Produce,Aurora,15
498,Rivera Snacks #498,Snacks,Rivera,14
499,Orion Produce #499,Produce,Orion,2
500,Summit Snacks #500,Snacks,Summit,18
501,Orion Snacks #501,Snacks,Orion,10
502,Rivera Produce #502,Produce,Rivera,16
503,Summit Produce #503,Produce,Summit,2
504,Atlas Produce #504,Produce,Atlas,8
505,Atlas Produce #505,Produce,Atlas,1
506,Summit Beverages #506,Beverages,Summit,16
507,Horizon Beverages #507,Beverages,Horizon,9
508,Orion Snacks #508,Snacks,Orion,4
509,Aurora Snacks #509,Snacks,Aurora,10
510,Horizon Produce #510,Produce,Horizon,13
511,Rivera Beverages #511,Beverages,Rivera,10
512,Summit Snacks #512,Snacks,Summit,19
513,Atlas Snacks #513,Snacks,Atlas,11
514,Summit Snacks #514,Snacks,Summit,16
515,Orion Snacks #515,Snacks,Orion,16
516,Rivera Beverages #516,Beverages,Rivera,1
517,Summit Beverages #517,Beverages,Summit,17
518,Summit Beverages #518,Beverages,Summit,13
519,Summit Produce #519,Produce,Summit,6
520,Atlas Snacks #520,Snacks,Atlas,1
521,Horizon Produce #521,Produce,Horizon,10
522,Orion Beverages #522,Beverages,Orion,4
523,Summit Beverages #523,Beverages,Summit,5
524,Orion Snacks #524,Snacks,Orion,19
525,Rivera Produce #525,Produce,Rivera,9
526,Rivera Snacks #526,Snacks,Rivera,9
527,Aurora Beverages #527,Beverages,Aurora,6
528,Atlas Produce #528,Produce,Atlas,8
529,Horizon Beverages #529,Beverages,Horizon,10
530,Rivera Produce #530,Produce,Rivera,11
531,Atlas Produce #531,Produce,Atlas,6
532,Horizon Produce #532,Produce,Horizon,10
533,Rivera Snacks #533,Snacks,Rivera,13
534,Rivera Snacks #534,Snacks,Rivera,13
535,Rivera Produce #535,Produce,Rivera,4
536,Summit Produce #536,Produce,Summit,18
537,Aurora Produce #537,Produce,Aurora,13
538,Summit Produce #538,Produce,Summit,14
539,Aurora Produce #539,Produce,Aurora,19
540,Aurora Snacks #540,Snacks,Aurora,8
541,Horizon Produce #541,Produce,Horizon,12
542,Summit Produce #542,Produce,Summit,7
543,Summit Produce #543,Produce,Summit,14
544,Aurora Produce #544,Produce,Aurora,18
545,Rivera Produce #545,Produce,Rivera,10
546,Orion Beverages #546,Beverages,Orion,17
547,Rivera Beverages #547,Beverages,Rivera,2
548,Orion Beverages #548,Beverages,Orion,5
549,Summit Produce #549,Produce,Summit,18
550,Orion Snacks #550,Snacks,Orion,2
551,Summit Snacks #551,Snacks,Summit,15
552,Aurora Snacks #552,Snacks,Aurora,15
553,Rivera Snacks #553,Snacks,Rivera,5
554,Aurora Snacks #554,Snacks,Aurora,17
555,Horizon Snacks #555,Snacks,Horizon,17
556,Atlas Produce #556,Produce,Atlas,18
557,Aurora Beverages #557,Beverages,Aurora,17
558,Horizon Produce #558,Produce,Horizon,17
559,Atlas Snacks #559,Snacks,Atlas,6
560,Summit Beverages #560,Beverages,Summit,3
561,Rivera Beverages #561,Beverages,Rivera,8
562,Aurora Produce #562,Produce,Aurora,3
563,Summit Produce #563,Produce,Summit,15
564,Rivera Snacks #564,Snacks,Rivera,12
565,Rivera Beverages #565,Beverages,Rivera,13
566,Aurora Beverages #566,Beverages,Aurora,6
567,Atlas Beverages #567,Beverages,Atlas,15
568,Horizon Snacks #568,Snacks,Horizon,3
569,Orion Snacks #569,Snacks,Orion,9
570,Aurora Snacks #570,Snacks,Aurora,8
571,Atlas Beverages #571,Beverages,Atlas,4
572,Horizon Snacks #572,Snacks,Horizon,17
573,Summit Produce #573,Produce,Summit,1
574,Orion Beverages #574,Beverages,Orion,14
575,Orion Beverages #575,Beverages,Orion,17
576,Summit Snacks #576,Snacks,Summit,2
577,Atlas Produce #577,Produce,Atlas,6
578,Horizon Beverages #578,Beverages,Horizon,6
579,Aurora Snacks #579,Snacks,Aurora,14
580,Atlas Produce #580,Produce,Atlas,7
581,Summit Produce #581,Produce,Summit,7
582,Rivera Snacks #582,Snacks,Rivera,15
583,Aurora Beverages #583,Beverages,Aurora,1
584,Orion Beverages #584,Beverages,Orion,19
585,Orion Beverages #585,Beverages,Orion,1
586,Summit Produce #586,Produce,Summit,3
587,Orion Produce #587,Produce,Orion,16
588,Orion Snacks #588,Snacks,Orion,5
589,Atlas Produce #589,Produce,Atlas,1
590,Orion Beverages #590,Beverages,Orion,3
591,Horizon Beverages #591,Beverages,Horizon,14
592,Aurora Snacks #592,Snacks,Aurora,8
593,Rivera Produce #593,Produce,Rivera,10
594,Summit Beverages #594,Beverages,Summit,14
595,Horizon Produce #595,Produce,Horizon,6
596,Horizon Produce #596,Produce,Horizon,13
597,Atlas Snacks #597,Snacks,Atlas,12
598,Aurora Beverages #598,Beverages,Aurora,16
599,Atlas Beverages #599,Beverages,Atlas,14
600,Rivera Beverages #600,Beverages,Rivera,3
601,Aurora Beverages #601,Beverages,Aurora,4
602,Rivera Beverages #602,Beverages,Rivera,16
603,Rivera Beverages #603,Beverages,Rivera,14
604,Summit Snacks #604,Snacks,Summit,1
605,Summit Snacks #605,Snacks,Summit,14
606,Rivera Snacks #606,Snacks,Rivera,5
607,Orion Beverages #607,Beverages,Orion,2
608,Atlas Beverages #608,Beverages,Atlas,13
609,Horizon Beverages #609,Beverages,Horizon,15
610,Orion Beverages #610,Beverages,Orion,14
611,Orion Snacks #611,Snacks,Orion,5
612,Rivera Snacks #612,Snacks,Rivera,9
613,Summit Beverages #613,Beverages,Summit,17
614,Rivera Snacks #614,Snacks,Rivera,16
615,Aurora Snacks #615,Snacks,Aurora,15
616,Horizon Beverages #616,Beverages,Horizon,1
617,Orion Beverages #617,Beverages,Orion,13
618,Rivera Snacks #618,Snacks,Rivera,18
619,Rivera Produce #619,Produce,Rivera,17
620,Rivera Beverages #620,Beverages,Rivera,16
621,Horizon Beverages #621,Beverages,Horizon,8
622,Rivera Snacks #622,Snacks,Rivera,16
623,Aurora Produce #623,Produce,Aurora,16
624,Summit Produce #624,Produce,Summit,3
625,Orion Produce #625,Produce,Orion,2
626,Horizon Beverages #626,Beverages,Horizon,8
627,Aurora Produce #627,Produce,Aurora,16
628,Aurora Produce #628,Produce,Aurora,4
629,Rivera Snacks #629,Snacks,Rivera,12
630,Orion Produce #630,Produce,Orion,19
631,Aurora Beverages #631,Beverages,Aurora,18
632,Aurora Beverages #632,Beverages,Aurora,9
633,Rivera Beverages #633,Beverages,Rivera,13
634,Orion Beverages #634,Beverages,Orion,17
635,Orion Produce #635,Produce,Orion,11
636,Summit Produce #636,Produce,Summit,19
637,Rivera Produce #637,Produce,Rivera,10
638,Orion Produce #638,Produce,Orion,12
639,Orion Snacks #639,Snacks,Orion,14
640,Rivera Snacks #640,Snacks,Rivera,13
641,Aurora Produce #641,Produce,Aurora,3
642,Atlas Produce #642,Produce,Atlas,2
643,Summit Produce #643,Produce,Summit,10
644,Aurora Snacks #644,Snacks,Aurora,17
645,Aurora Beverages #645,Beverages,Aurora,7
646,Rivera Snacks #646,Snacks,Rivera,1
647,Atlas Beverages #647,Beverages,Atlas,13
648,Summit Snacks #648,Snacks,Summit,2
649,Atlas Snacks #649,Snacks,Atlas,9
650,Aurora Snacks #650,Snacks,Aurora,7
651,Orion Snacks #651,Snacks,Orion,13
652,Aurora Beverages #652,Beverages,Aurora,8
653,Atlas Produce #653,Produce,Atlas,1
654,Atlas Beverages #654,Beverages,Atlas,19
655,Rivera Produce #655,Produce,Rivera,17
656,Summit Produce #656,Produce,Summit,13
657,Rivera Snacks #657,Snacks,Rivera,7
658,Summit Beverages #658,Beverages,Summit,17
659,Atlas Snacks #659,Snacks,Atlas,15
660,Aurora Produce #660,Produce,Aurora,14
661,Orion Snacks #661,Snacks,Orion,9
662,Orion Beverages #662,Beverages,Orion,5
663,Rivera Snacks #663,Snacks,Rivera,16
664,Atlas Snacks #664,Snacks,Atlas,10
665,Horizon Produce #665,Produce,Horizon,1
666,Aurora Beverages #666,Beverages,Aurora,3
667,Orion Produce #667,Produce,Orion,14
668,Rivera Beverages #668,Beverages,Rivera,12
669,Horizon Beverages #669,Beverages,Horizon,18
670,Summit Snacks #670,Snacks,Summit,9
671,Orion Beverages #671,Beverages,Orion,7
672,Horizon Snacks #672,Snacks,Horizon,18
673,Atlas Produce #673,Produce,Atlas,3
674,Aurora Snacks #674,Snacks,Aurora,13
675,Summit Produce #675,Produce,Summit,19
676,Atlas Beverages #676,Beverages,Atlas,14
677,Aurora Produce #677,Produce,Aurora,16
678,Atlas Snacks #678,Snacks,Atlas,15
679,Orion Beverages #679,Beverages,Orion,11
680,Summit Produce #680,Produce,Summit,2
681,Atlas Produce #681,Produce,Atlas,12
682,Atlas Snacks #682,Snacks,Atlas,17
683,Atlas Snacks #683,Snacks,Atlas,18
684,Rivera Beverages #684,Beverages,Rivera,8
685,Rivera Snacks #685,Snacks,Rivera,9
686,Summit Beverages #686,Beverages,Summit,8
687,Orion Produce #687,Produce,Orion,10
688,Atlas Produce #688,Produce,Atlas,17
689,Orion Produce #689,Produce,Orion,18
690,Summit Produce #690,Produce,Summit,4
691,Orion Produce #691,Produce,Orion,6
692,Orion Snacks #692,Snacks,Orion,3
693,Orion Produce #693,Produce,Orion,19
694,Atlas Beverages #694,Beverages,Atlas,11
695,Rivera Produce #695,Produce,Rivera,14
696,Atlas Snacks #696,Snacks,Atlas,10
697,Orion Produce #697,Produce,Orion,14
698,Orion Produce #698,Produce,Orion,17
699,Rivera Produce #699,Produce,Rivera,17
700,Horizon Snacks #700,Snacks,Horizon,10
701,Aurora Beverages #701,Beverages,Aurora,3
702,Horizon Produce #702,Produce,Horizon,4
703,Rivera Beverages #703,Beverages,Rivera,13
704,Horizon Beverages #704,Beverages,Horizon,14
705,Summit Snacks #705,Snacks,Summit,15
706,Rivera Beverages #706,Beverages,Rivera,16
707,Atlas Beverages #707,Beverages,Atlas,17
708,Atlas Produce #708,Produce,Atlas,17
709,Orion Produce #709,Produce,Orion,11
710,Atlas Beverages #710,Beverages,Atlas,15
711,Rivera Produce #711,Produce,Rivera,14
712,Aurora Beverages #712,Beverages,Aurora,8
713,Rivera Produce #713,Produce,Rivera,19
714,Horizon Beverages #714,Beverages,Horizon,15
715,Atlas Beverages #715,Beverages,Atlas,17
716,Summit Snacks #716,Snacks,Summit,18
717,Orion Produce #717,Produce,Orion,13
718,Atlas Produce #718,Produce,Atlas,15
719,Orion Beverages #719,Beverages,Orion,19
720,Aurora Snacks #720,Snacks,Aurora,4
721,Horizon Produce #721,Produce,Horizon,4
722,Orion Beverages #722,Beverages,Orion,10
723,Horizon Snacks #723,Snacks,Horizon,9
724,Rivera Produce #724,Produce,Rivera,3
725,Rivera Produce #725,Produce,Rivera,1
726,Orion Snacks #726,Snacks,Orion,18
727,Summit Beverages #727,Beverages,Summit,18
728,Horizon Produce #728,Produce,Horizon,15
729,Atlas Produce #729,Produce,Atlas,17
730,Aurora Snacks #730,Snacks,Aurora,16
731,Rivera Produce #731,Produce,Rivera,2
732,Rivera Produce #732,Produce,Rivera,10
733,Atlas Beverages #733,Beverages,Atlas,2
734,Summit Produce #734,Produce,Summit,8
735,Aurora Produce #735,Produce,Aurora,2
736,Summit Beverages #736,Beverages,Summit,13
737,Rivera Snacks #737,Snacks,Rivera,6
738,Atlas Produce #738,Produce,Atlas,10
739,Orion Produce #739,Produce,Orion,1
740,Rivera Produce #740,Produce,Rivera,9
741,Atlas Produce #741,Produce,Atlas,18
742,Horizon Beverages #742,Beverages,Horizon,13
743,Aurora Snacks #743,Snacks,Aurora,18
744,Aurora Beverages #744,Beverages,Aurora,5
745,Rivera Produce #745,Produce,Rivera,1
746,Rivera Produce #746,Produce,Rivera,10
747,Aurora Produce #747,Produce,Aurora,10
748,Orion Snacks #748,Snacks,Orion,4
749,Horizon Produce #749,Produce,Horizon,19
750,Atlas Beverages #750,Beverages,Atlas,11
751,Horizon Produce #751,Produce,Horizon,5
752,Summit Produce #752,Produce,Summit,17
753,Horizon Snacks #753,Snacks,Horizon,4
754,Orion Produce #754,Produce,Orion,15
755,Horizon Produce #755,Produce,Horizon,15
756,Horizon Beverages #756,Beverages,Horizon,9
757,Horizon Snacks #757,Snacks,Horizon,2
758,Summit Beverages #758,Beverages,Summit,16
759,Horizon Produce #759,Produce,Horizon,11
760,Rivera Beverages #760,Beverages,Rivera,8
761,Orion Snacks #761,Snacks,Orion,8
762,Horizon Snacks #762,Snacks,Horizon,8
763,Atlas Beverages #763,Beverages,Atlas,1
764,Atlas Produce #764,Produce,Atlas,2
765,Atlas Produce #765,Produce,Atlas,1
766,Rivera Beverages #766,Beverages,Rivera,18
767,Rivera Beverages #767,Beverages,Rivera,15
768,Atlas Snacks #768,Snacks,Atlas,2
769,Aurora Snacks #769,Snacks,Aurora,8
770,Horizon Produce #770,Produce,Horizon,10
771,Summit Produce #771,Produce,Summit,3
772,Atlas Snacks #772,Snacks,Atlas,6
773,Summit Produce #773,Produce,Summit,6
774,Orion Produce #774,Produce,Orion,8
775,Atlas Beverages #775,Beverages,Atlas,17
776,Horizon Beverages #776,Beverages,Horizon,1
777,Atlas Produce #777,Produce,Atlas,8
778,Horizon Produce #778,Produce,Horizon,6
779,Orion Produce #779,Produce,Orion,18
780,Summit Snacks #780,Snacks,Summit,8
781,Atlas Produce #781,Produce,Atlas,3
782,Summit Beverages #782,Beverages,Summit,12
783,Summit Snacks #783,Snacks,Summit,3
784,Atlas Produce #784,Produce,Atlas,17
785,Aurora Produce #785,Produce,Aurora,13
786,Rivera Beverages #786,Beverages,Rivera,13
787,Horizon Snacks #787,Snacks,Horizon,4
788,Aurora Produce #788,Produce,Aurora,19
789,Summit Snacks #789,Snacks,Summit,13
790,Horizon Beverages #790,Beverages,Horizon,6
791,Summit Beverages #791,Beverages,Summit,7
792,Rivera Snacks #792,Snacks,Rivera,12
793,Orion Snacks #793,Snacks,Orion,12
794,Atlas Produce #794,Produce,Atlas,7
795,Aurora Snacks #795,Snacks,Aurora,4
796,Summit Snacks #796,Snacks,Summit,15
797,Orion Produce #797,Produce,Orion,13
798,Rivera Snacks #798,Snacks,Rivera,3
799,Rivera Produce #799,Produce,Rivera,17
800,Aurora Snacks #800,Snacks,Aurora,7
801,Aurora Snacks #801,Snacks,Aurora,11
802,Orion Beverages #802,Beverages,Orion,12
803,Summit Snacks #803,Snacks,Summit,17
804,Rivera Beverages #804,Beverages,Rivera,14
805,Horizon Produce #805,Produce,Horizon,14
806,Atlas Beverages #806,Beverages,Atlas,13
807,Atlas Produce #807,Produce,Atlas,8
808,Summit Produce #808,Produce,Summit,18
809,Rivera Produce #809,Produce,Rivera,11
810,Aurora Produce #810,Produce,Aurora,13
811,Rivera Beverages #811,Beverages,Rivera,8
812,Orion Produce #812,Produce,Orion,17
813,Aurora Beverages #813,Beverages,Aurora,10
814,Aurora Beverages #814,Beverages,Aurora,7
815,Orion Beverages #815,Beverages,Orion,5
816,Orion Produce #816,Produce,Orion,4
817,Summit Produce #817,Produce,Summit,9
818,Atlas Beverages #818,Beverages,Atlas,19
819,Summit Produce #819,Produce,Summit,14
820,Rivera Snacks #820,Snacks,Rivera,1
821,Summit Snacks #821,Snacks,Summit,2
822,Summit Snacks #822,Snacks,Summit,1
823,Atlas Beverages #823,Beverages,Atlas,18
824,Aurora Snacks #824,Snacks,Aurora,9
825,Horizon Snacks #825,Snacks,Horizon,1
826,Rivera Produce #826,Produce,Rivera,2
827,Orion Produce #827,Produce,Orion,16
828,Rivera Produce #828,Produce,Rivera,11
829,Summit Produce #829,Produce,Summit,8
830,Rivera Snacks #830,Snacks,Rivera,12
831,Atlas Beverages #831,Beverages,Atlas,5
832,Atlas Beverages #832,Beverages,Atlas,8
833,Aurora Snacks #833,Snacks,Aurora,16
834,Horizon Produce #834,Produce,Horizon,10
835,Aurora Beverages #835,Beverages,Aurora,4
836,Atlas Beverages #836,Beverages,Atlas,13
837,Summit Beverages #837,Beverages,Summit,4
838,Atlas Snacks #838,Snacks,Atlas,14
839,Orion Beverages #839,Beverages,Orion,5
840,Orion Snacks #840,Snacks,Orion,3
841,Aurora Produce #841,Produce,Aurora,10
842,Summit Produce #842,Produce,Summit,13
843,Horizon Snacks #843,Snacks,Horizon,5
844,Atlas Beverages #844,Beverages,Atlas,12
845,Orion Beverages #845,Beverages,Orion,10
846,Summit Produce #846,Produce,Summit,2
847,Summit Snacks #847,Snacks,Summit,10
848,Atlas Snacks #848,Snacks,Atlas,19
849,Horizon Produce #849,Produce,Horizon,17
850,Orion Produce #850,Produce,Orion,16
851,Summit Beverages #851,Beverages,Summit,9
852,Aurora Snacks #852,Snacks,Aurora,4
853,Atlas Snacks #853,Snacks,Atlas,3
854,Summit Produce #854,Produce,Summit,12
855,Rivera Produce #855,Produce,Rivera,4
856,Rivera Produce #856,Produce,Rivera,18
857,Atlas Produce #857,Produce,Atlas,2
858,Aurora Snacks #858,Snacks,Aurora,3
859,Summit Beverages #859,Beverages,Summit,10
860,Orion Produce #860,Produce,Orion,8
861,Atlas Beverages #861,Beverages,Atlas,2
862,Atlas Snacks #862,Snacks,Atlas,12
863,Atlas Produce #863,Produce,Atlas,15
864,Aurora Beverages #864,Beverages,Aurora,13
865,Atlas Produce #865,Produce,Atlas,16
866,Orion Produce #866,Produce,Orion,9
867,Rivera Snacks #867,Snacks,Rivera,17
868,Atlas Produce #868,Produce,Atlas,9
869,Aurora Snacks #869,Snacks,Aurora,7
870,Orion Produce #870,Produce,Orion,11
871,Summit Snacks #871,Snacks,Summit,5
872,Horizon Beverages #872,Beverages,Horizon,6
873,Aurora Produce #873,Produce,Aurora,5
874,Orion Beverages #874,Beverages,Orion,15
875,Atlas Beverages #875,Beverages,Atlas,10
876,Horizon Produce #876,Produce,Horizon,8
877,Orion Beverages #877,Beverages,Orion,16
878,Rivera Snacks #878,Snacks,Rivera,3
879,Orion Snacks #879,Snacks,Orion,12
880,Atlas Snacks #880,Snacks,Atlas,9
881,Atlas Snacks #881,Snacks,Atlas,6
882,Aurora Produce #882,Produce,Aurora,15
883,Atlas Snacks #883,Snacks,Atlas,15
884,Summit Snacks #884,Snacks,Summit,8
885,Aurora Produce #885,Produce,Aurora,5
886,Atlas Snacks #886,Snacks,Atlas,7
887,Aurora Produce #887,Produce,Aurora,14
888,Horizon Produce #888,Produce,Horizon,15
889,Orion Snacks #889,Snacks,Orion,19
890,Summit Beverages #890,Beverages,Summit,10
891,Atlas Snacks #891,Snacks,Atlas,12
892,Orion Produce #892,Produce,Orion,1
893,Orion Snacks #893,Snacks,Orion,1
894,Summit Beverages #894,Beverages,Summit,9
895,Aurora Produce #895,Produce,Aurora,2
896,Summit Snacks #896,Snacks,Summit,8
897,Horizon Produce #897,Produce,Horizon,14
898,Atlas Snacks #898,Snacks,Atlas,13
899,Orion Snacks #899,Snacks,Orion,19
900,Summit Beverages #900,Beverages,Summit,13
901,Horizon Snacks #901,Snacks,Horizon,4
902,Atlas Produce #902,Produce,Atlas,6
903,Atlas Beverages #903,Beverages,Atlas,10
904,Summit Produce #904,Produce,Summit,12
905,Horizon Produce #905,Produce,Horizon,7
906,Horizon Produce #906,Produce,Horizon,19
907,Rivera Beverages #907,Beverages,Rivera,15
908,Orion Snacks #908,Snacks,Orion,8
909,Summit Produce #909,Produce,Summit,10
910,Orion Produce #910,Produce,Orion,2
911,Atlas Beverages #911,Beverages,Atlas,6
912,Atlas Produce #912,Produce,Atlas,7
913,Summit Snacks #913,Snacks,Summit,12
914,Aurora Beverages #914,Beverages,Aurora,18
915,Horizon Produce #915,Produce,Horizon,5
916,Atlas Snacks #916,Snacks,Atlas,3
917,Atlas Beverages #917,Beverages,Atlas,6
918,Atlas Beverages #918,Beverages,Atlas,19
919,Atlas Produce #919,Produce,Atlas,5
920,Aurora Snacks #920,Snacks,Aurora,11
921,Rivera Beverages #921,Beverages,Rivera,19
922,Orion Snacks #922,Snacks,Orion,9
923,Horizon Produce #923,Produce,Horizon,10
924,Horizon Snacks #924,Snacks,Horizon,8
925,Orion Beverages #925,Beverages,Orion,14
926,Aurora Snacks #926,Snacks,Aurora,19
927,Atlas Produce #927,Produce,Atlas,1
928,Summit Snacks #928,Snacks,Summit,6
929,Orion Snacks #929,Snacks,Orion,15
930,Horizon Snacks #930,Snacks,Horizon,11
931,Aurora Beverages #931,Beverages,Aurora,6
932,Atlas Beverages #932,Beverages,Atlas,6
933,Orion Produce #933,Produce,Orion,18
934,Aurora Beverages #934,Beverages,Aurora,15
935,Orion Beverages #935,Beverages,Orion,5
936,Summit Snacks #936,Snacks,Summit,5
937,Atlas Beverages #937,Beverages,Atlas,7
938,Horizon Beverages #938,Beverages,Horizon,18
939,Orion Produce #939,Produce,Orion,10
940,Atlas Beverages #940,Beverages,Atlas,19
941,Rivera Snacks #941,Snacks,Rivera,12
942,Atlas Snacks #942,Snacks,Atlas,17
943,Summit Snacks #943,Snacks,Summit,19
944,Rivera Produce #944,Produce,Rivera,8
945,Summit Produce #945,Produce,Summit,2
946,Aurora Snacks #946,Snacks,Aurora,18
947,Atlas Beverages #947,Beverages,Atlas,7
948,Summit Produce #948,Produce,Summit,9
949,Orion Beverages #949,Beverages,Orion,10
950,Orion Snacks #950,Snacks,Orion,1
951,Summit Produce #951,Produce,Summit,8
952,Rivera Beverages #952,Beverages,Rivera,7
953,Summit Snacks #953,Snacks,Summit,11
954,Rivera Beverages #954,Beverages,Rivera,9
955,Rivera Produce #955,Produce,Rivera,7
956,Aurora Snacks #956,Snacks,Aurora,5
957,Rivera Produce #957,Produce,Rivera,7
958,Rivera Snacks #958,Snacks,Rivera,9
959,Summit Produce #959,Produce,Summit,19
960,Summit Produce #960,Produce,Summit,16
961,Rivera Produce #961,Produce,Rivera,16
962,Aurora Produce #962,Produce,Aurora,17
963,Summit Beverages #963,Beverages,Summit,16
964,Summit Produce #964,Produce,Summit,9
965,Summit Beverages #965,Beverages,Summit,9
966,Orion Beverages #966,Beverages,Orion,10
967,Rivera Produce #967,Produce,Rivera,15
968,Rivera Snacks #968,Snacks,Rivera,11
969,Horizon Produce #969,Produce,Horizon,8
970,Summit Produce #970,Produce,Summit,2
971,Aurora Snacks #971,Snacks,Aurora,16
972,Aurora Beverages #972,Beverages,Aurora,15
973,Rivera Snacks #973,Snacks,Rivera,7
974,Rivera Produce #974,Produce,Rivera,7
975,Horizon Snacks #975,Snacks,Horizon,7
976,Atlas Produce #976,Produce,Atlas,4
977,Orion Produce #977,Produce,Orion,13
978,Rivera Beverages #978,Beverages,Rivera,7
979,Atlas Produce #979,Produce,Atlas,10
980,Aurora Produce #980,Produce,Aurora,17
981,Atlas Snacks #981,Snacks,Atlas,6
982,Summit Produce #982,Produce,Summit,17
983,Rivera Produce #983,Produce,Rivera,9
984,Atlas Produce #984,Produce,Atlas,8
985,Horizon Beverages #985,Beverages,Horizon,4
986,Rivera Beverages #986,Beverages,Rivera,7
987,Orion Snacks #987,Snacks,Orion,6
988,Aurora Produce #988,Produce,Aurora,6
989,Rivera Snacks #989,Snacks,Rivera,15
990,Aurora Produce #990,Produce,Aurora,8
991,Horizon Beverages #991,Beverages,Horizon,3
992,Orion Beverages #992,Beverages,Orion,5
993,Orion Produce #993,Produce,Orion,15
994,Summit Beverages #994,Beverages,Summit,8
995,Horizon Beverages #995,Beverages,Horizon,18
996,Atlas Snacks #996,Snacks,Atlas,2
997,Atlas Snacks #997,Snacks,Atlas,15
998,Horizon Beverages #998,Beverages,Horizon,5
999,Horizon Beverages #999,Beverages,Horizon,13
1000,Rivera Snacks #1000,Snacks,Rivera,5
1001,Rivera Produce #1001,Produce,Rivera,9
1002,Summit Beverages #1002,Beverages,Summit,11
1003,Horizon Beverages #1003,Beverages,Horizon,1
1004,Rivera Snacks #1004,Snacks,Rivera,17
1005,Atlas Snacks #1005,Snacks,Atlas,18
1006,Aurora Produce #1006,Produce,Aurora,3
1007,Atlas Produce #1007,Produce,Atlas,4
1008,Aurora Produce #1008,Produce,Aurora,12
1009,Atlas Produce #1009,Produce,Atlas,9
1010,Orion Produce #1010,Produce,Orion,11
1011,Aurora Snacks #1011,Snacks,Aurora,11
1012,Aurora Beverages #1012,Beverages,Aurora,6
1013,Rivera Snacks #1013,Snacks,Rivera,3
1014,Horizon Beverages #1014,Beverages,Horizon,10
1015,Rivera Beverages #1015,Beverages,Rivera,6
1016,Horizon Produce #1016,Produce,Horizon,14
1017,Aurora Snacks #1017,Snacks,Aurora,6
1018,Rivera Snacks #1018,Snacks,Rivera,12
1019,Atlas Beverages #1019,Beverages,Atlas,8
1020,Atlas Snacks #1020,Snacks,Atlas,9
1021,Summit Beverages #1021,Beverages,Summit,14
1022,Aurora Produce #1022,Produce,Aurora,16
1023,Rivera Beverages #1023,Beverages,Rivera,2
1024,Summit Produce #1024,Produce,Summit,10
1025,Orion Produce #1025,Produce,Orion,14
1026,Orion Snacks #1026,Snacks,Orion,15
1027,Aurora Snacks #1027,Snacks,Aurora,4
1028,Summit Beverages #1028,Beverages,Summit,3
1029,Orion Beverages #1029,Beverages,Orion,9
1030,Rivera Snacks #1030,Snacks,Rivera,14
1031,Summit Snacks #1031,Snacks,Summit,7
1032,Horizon Beverages #1032,Beverages,Horizon,19
1033,Summit Beverages #1033,Beverages,Summit,19
1034,Rivera Snacks #1034,Snacks,Rivera,3
1035,Orion Snacks #1035,Snacks,Orion,1
1036,Summit Beverages #1036,Beverages,Summit,1
1037,Rivera Beverages #1037,Beverages,Rivera,8
1038,Rivera Snacks #1038,Snacks,Rivera,9
1039,Rivera Beverages #1039,Beverages,Rivera,2
1040,Horizon Beverages #1040,Beverages,Horizon,6
1041,Horizon Snacks #1041,Snacks,Horizon,11
1042,Summit Beverages #1042,Beverages,Summit,18
1043,Aurora Snacks #1043,Snacks,Aurora,16
1044,Orion Beverages #1044,Beverages,Orion,5
1045,Summit Snacks #1045,Snacks,Summit,15
1046,Summit Beverages #1046,Beverages,Summit,9
1047,Atlas Beverages #1047,Beverages,Atlas,13
1048,Aurora Beverages #1048,Beverages,Aurora,8
1049,Rivera Snacks #1049,Snacks,Rivera,4
1050,Horizon Produce #1050,Produce,Horizon,15
1051,Atlas Produce #1051,Produce,Atlas,3
1052,Orion Snacks #1052,Snacks,Orion,6
1053,Horizon Snacks #1053,Snacks,Horizon,17
1054,Horizon Beverages #1054,Beverages,Horizon,5
1055,Rivera Snacks #1055,Snacks,Rivera,1
1056,Atlas Snacks #1056,Snacks,Atlas,3
1057,Horizon Beverages #1057,Beverages,Horizon,19
1058,Orion Produce #1058,Produce,Orion,10
1059,Summit Produce #1059,Produce,Summit,8
1060,Summit Beverages #1060,Beverages,Summit,4
1061,Orion Beverages #1061,Beverages,Orion,12
1062,Horizon Produce #1062,Produce,Horizon,2
1063,Summit Produce #1063,Produce,Summit,14
1064,Summit Beverages #1064,Beverages,Summit,10
1065,Atlas Snacks #1065,Snacks,Atlas,15
1066,Aurora Snacks #1066,Snacks,Aurora,14
1067,Orion Beverages #1067,Beverages,Orion,8
1068,Summit Produce #1068,Produce,Summit,5
1069,Aurora Beverages #1069,Beverages,Aurora,14
1070,Rivera Produce #1070,Produce,Rivera,11
1071,Summit Snacks #1071,Snacks,Summit,11
1072,Rivera Produce #1072,Produce,Rivera,7
1073,Rivera Snacks #1073,Snacks,Rivera,17
1074,Atlas Produce #1074,Produce,Atlas,4
1075,Summit Produce #1075,Produce,Summit,9
1076,Atlas Snacks #1076,Snacks,Atlas,7
1077,Orion Beverages #1077,Beverages,Orion,10
1078,Summit Produce #1078,Produce,Summit,17
1079,Rivera Produce #1079,Produce,Rivera,15
1080,Rivera Beverages #1080,Beverages,Rivera,14
1081,Atlas Produce #1081,Produce,Atlas,16
1082,Atlas Beverages #1082,Beverages,Atlas,13
1083,Summit Produce #1083,Produce,Summit,12
1084,Aurora Snacks #1084,Snacks,Aurora,13
1085,Horizon Beverages #1085,Beverages,Horizon,10
1086,Horizon Beverages #1086,Beverages,Horizon,16
1087,Summit Beverages #1087,Beverages,Summit,17
1088,Horizon Beverages #1088,Beverages,Horizon,10
1089,Horizon Beverages #1089,Beverages,Horizon,11
1090,Orion Snacks #1090,Snacks,Orion,10
1091,Orion Produce #1091,Produce,Orion,12
1092,Rivera Beverages #1092,Beverages,Rivera,5
1093,Horizon Produce #1093,Produce,Horizon,1
1094,Orion Beverages #1094,Beverages,Orion,10
1095,Aurora Beverages #1095,Beverages,Aurora,16
1096,Rivera Beverages #1096,Beverages,Rivera,11
1097,Rivera Snacks #1097,Snacks,Rivera,16
1098,Atlas Beverages #1098,Beverages,Atlas,6
1099,Orion Beverages #1099,Beverages,Orion,2
1100,Horizon Snacks #1100,Snacks,Horizon,18
